OBJECT_NAME,OBJECT_ID,EPOCH,MEAN_MOTION,ECCENTRICITY,INCLINATION,RA_OF_ASC_NODE,ARG_OF_PERICENTER,MEAN_ANOMALY,EPHEMERIS_TYPE,CLASSIFICATION_TYPE,NORAD_CAT_ID,ELEMENT_SET_NO,REV_AT_EPOCH,BSTAR,MEAN_MOTION_DOT,MEAN_MOTION_DDOT
PSYCHE,2023-157A,2023-10-13T14:28:09.729696,15.29658471,.04672,30.0000,47.5426,123.5100,359.9800,0,U,58049,999,0,0,.1209E-4,-.37902E-5
FALCON HEAVY R/B,2023-157B,2023-10-13T14:28:09.729696,15.29658471,.04672,30.0000,47.5426,123.5100,359.9800,0,U,58050,999,0,0,.1209E-4,-.37902E-5
STARLINK-30568,2023-158A,2023-11-09T14:00:01.000224,15.54434809,.0001807,42.9995,341.6491,284.4474,116.8989,0,U,58051,999,530,-.26539E-1,-.1610816E-1,0
STARLINK-30575,2023-158B,2023-11-06T10:30:39.041568,15.68209829,.0011431,42.9989,0.2935,303.7135,56.2642,0,U,58052,999,493,-.35962E-2,-.396821E-2,0
STARLINK-30577,2023-158C,2023-11-09T14:00:01.000224,15.54425539,.0001665,42.9994,341.6431,283.7861,120.4831,0,U,58053,999,546,-.26579E-1,-.1612437E-1,0
STARLINK-30566,2023-158D,2023-11-09T14:00:01.000224,15.54423596,.0001765,42.9995,341.6412,282.5285,122.3241,0,U,58054,999,546,-.26583E-1,-.1612599E-1,0
STARLINK-30544,2023-158E,2023-11-09T14:00:01.000224,15.54415050,.0001756,42.9996,341.6342,284.3729,122.8173,0,U,58055,999,541,-.26578E-1,-.1611862E-1,0
STARLINK-30553,2023-158F,2023-11-09T14:00:01.000224,15.54415890,.0001763,42.9994,341.6352,283.6284,122.9780,0,U,58056,999,546,-.26548E-1,-.1610271E-1,0
STARLINK-30541,2023-158G,2023-11-09T14:00:01.000224,15.54421271,.0001732,42.9994,341.6400,284.5567,120.8812,0,U,58057,999,546,-.26573E-1,-.1611912E-1,0
STARLINK-30573,2023-158H,2023-11-09T14:00:01.000224,15.54412505,.0001667,42.9994,341.6377,290.4626,115.5618,0,U,58058,999,541,-.26412E-1,-.1602607E-1,0
STARLINK-30582,2023-158J,2023-11-09T18:00:00.999648,15.53866655,.0001313,42.9997,340.6513,265.3654,355.9945,0,U,58059,999,544,-.28751E-1,-.1698358E-1,0
STARLINK-30558,2023-158K,2023-11-09T14:00:01.000224,15.54432080,.0001705,42.9995,341.6482,282.3488,120.1670,0,U,58060,999,546,-.26584E-1,-.1613081E-1,0
STARLINK-30579,2023-158L,2023-11-09T10:37:48.303552,15.93148814,.0003694,42.9976,340.6261,61.3324,290.8928,0,U,58061,999,541,.14676E-2,.5341E-2,.12057E-3
STARLINK-30588,2023-158M,2023-11-09T14:00:01.000224,15.54404871,.0001596,42.9995,341.6265,286.4323,124.2640,0,U,58062,999,547,-.26655E-1,-.1615444E-1,0
STARLINK-30585,2023-158N,2023-11-09T18:00:00.999648,15.53859480,.0001495,42.9998,340.6473,273.4343,350.2568,0,U,58063,999,544,-.2877E-1,-.1699053E-1,0
STARLINK-30587,2023-158P,2023-11-09T14:00:01.000224,15.54411709,.0001355,42.9995,341.6321,284.1896,124.7544,0,U,58064,999,531,-.26675E-1,-.1616791E-1,0
STARLINK-30576,2023-158Q,2023-11-09T14:00:01.000224,15.54429591,.000165,42.9995,341.6477,287.1901,115.9092,0,U,58065,999,536,-.26575E-1,-.1612428E-1,0
STARLINK-30571,2023-158R,2023-11-09T14:00:01.000224,15.54430239,.0001513,42.9994,341.6456,279.4336,124.2511,0,U,58066,999,547,-.2666E-1,-.1617043E-1,0
STARLINK-30567,2023-158S,2023-11-09T14:00:01.000224,15.54407102,.0001583,42.9993,341.6320,285.1338,124.3949,0,U,58067,999,546,-.26595E-1,-.1612282E-1,0
STARLINK-30569,2023-158T,2023-11-09T18:00:00.999648,15.53854631,.0001426,42.9996,340.6444,270.6362,354.2218,0,U,58068,999,544,-.2876E-1,-.1698218E-1,0
STARLINK-30480,2023-158U,2023-11-09T18:00:00.999648,15.53714617,.0001272,42.9996,340.6418,300.1868,325.4482,0,U,58069,999,544,-.28074E-1,-.1654122E-1,0
STARLINK-30532,2023-158V,2023-11-09T18:00:00.999648,15.53699730,.0001354,42.9996,340.6398,246.4345,19.6828,0,U,58070,999,544,-.2564E-1,-.1498587E-1,0
STARLINK-30513,2023-158W,2023-11-09T18:00:00.999648,15.66453067,.0002799,42.9998,340.4701,236.7971,98.5165,0,U,58071,999,544,.27855E-2,.309424E-2,0
STARLINK-30506,2023-158X,2023-11-09T18:00:00.999648,15.53683865,.0001538,42.9996,340.6361,287.4410,339.9111,0,U,58072,999,528,-.26802E-1,-.1585001E-1,0
YUNHAI 1-04,2023-159A,2023-11-09T16:14:24.532512,14.33110517,.0000677,98.5883,336.4292,158.8675,201.2537,0,U,58073,999,367,.22253E-3,.566E-5,0
CZ-2D R/B,2023-159B,2023-11-09T13:51:19.825920,14.28652477,.0099464,98.5165,335.8011,207.0013,152.5974,0,U,58074,999,364,.13388E-3,.312E-5,0
STARLINK-30604,2023-160A,2023-11-09T14:00:01.000224,15.57122268,.0001403,42.9994,35.0389,282.1794,328.8287,0,U,58075,999,477,-.24688E-1,-.1651926E-1,0
STARLINK-30500,2023-160B,2023-11-09T14:00:01.000224,15.57118376,.0001178,42.9994,35.0382,280.5619,331.0491,0,U,58076,999,477,-.2461E-1,-.1646904E-1,0
STARLINK-30613,2023-160C,2023-11-06T23:31:51.815712,15.66851399,.0003649,42.9994,50.5106,347.0237,13.0535,0,U,58077,999,436,-.77379E-2,-.768493E-2,0
STARLINK-30597,2023-160D,2023-11-09T14:00:01.000224,15.57115167,.0001011,42.9994,35.0352,279.5494,333.2641,0,U,58078,999,483,-.24602E-1,-.1646164E-1,0
STARLINK-30598,2023-160E,2023-11-09T14:00:01.000224,15.57114346,.0001301,42.9994,35.0330,282.0306,331.3834,0,U,58079,999,477,-.24637E-1,-.1648363E-1,0
STARLINK-30603,2023-160F,2023-11-09T14:00:01.000224,15.57112902,.0001139,42.9994,35.0319,277.6028,336.4134,0,U,58080,999,477,-.24632E-1,-.1647903E-1,0
STARLINK-30602,2023-160G,2023-11-09T14:00:01.000224,15.57112327,.0001469,42.9994,35.0284,274.9074,340.3096,0,U,58081,999,482,-.24679E-1,-.165086E-1,0
STARLINK-30610,2023-160H,2023-11-09T14:00:01.000224,15.57112756,.0001335,42.9994,35.0306,279.1639,335.4523,0,U,58082,999,481,-.24667E-1,-.1650095E-1,0
STARLINK-30551,2023-160J,2023-11-09T14:00:01.000224,15.57109322,.0001146,42.9994,35.0271,284.1567,331.6623,0,U,58083,999,481,-.24648E-1,-.1648668E-1,0
STARLINK-30586,2023-160K,2023-11-09T14:00:01.000224,15.57107840,.0001333,42.9995,35.0255,277.6191,338.8013,0,U,58084,999,482,-.24654E-1,-.1649037E-1,0
STARLINK-30609,2023-160L,2023-11-09T14:00:01.000224,15.57107243,.0001444,42.9994,35.0229,281.9036,335.7178,0,U,58085,999,481,-.24699E-1,-.1651765E-1,0
STARLINK-30583,2023-160M,2023-11-09T14:00:01.000224,15.57102776,.0001129,42.9994,35.0212,280.8873,337.3367,0,U,58086,999,482,-.24634E-1,-.1647452E-1,0
STARLINK-30557,2023-160N,2023-11-09T14:00:01.000224,15.57107931,.0001412,42.9994,35.0245,272.8624,344.1584,0,U,58087,999,481,-.24675E-1,-.1650344E-1,0
STARLINK-30591,2023-160P,2023-11-09T14:00:01.000224,15.57101528,.0001401,42.9995,35.0189,282.4003,337.0251,0,U,58088,999,482,-.24644E-1,-.1648115E-1,0
STARLINK-30584,2023-160Q,2023-11-09T14:00:01.000224,15.57100326,.0001406,42.9995,35.0172,281.0140,339.0126,0,U,58089,999,476,-.24644E-1,-.1648051E-1,0
STARLINK-30590,2023-160R,2023-11-09T14:00:01.000224,15.57103650,.00014,42.9994,35.0213,282.5431,336.2812,0,U,58090,999,481,-.24687E-1,-.165082E-1,0
STARLINK-30608,2023-160S,2023-11-09T14:00:01.000224,15.57099802,.0001487,42.9994,35.0164,276.4433,344.1840,0,U,58091,999,477,-.24656E-1,-.1648783E-1,0
STARLINK-30615,2023-160T,2023-11-09T14:00:01.000224,15.57094290,.0001089,42.9994,35.0123,275.2705,346.5612,0,U,58092,999,477,-.2462E-1,-.1646117E-1,0
STARLINK-30578,2023-160U,2023-11-09T14:00:01.000224,15.57096661,.0001297,42.9994,35.0143,278.0169,343.2130,0,U,58093,999,476,-.24635E-1,-.1647251E-1,0
STARLINK-30574,2023-160V,2023-11-09T14:00:01.000224,15.57095272,.0001501,42.9994,35.0105,277.4695,344.9615,0,U,58094,999,482,-.24652E-1,-.1648296E-1,0
STARLINK-30570,2023-160W,2023-11-09T14:00:01.000224,15.57092162,.0001219,42.9994,35.0089,282.3949,340.6392,0,U,58095,999,477,-.24631E-1,-.1646721E-1,0
STARLINK-30581,2023-160X,2023-11-09T14:00:01.000224,15.57090630,.0001148,42.9993,35.0073,280.9239,342.7114,0,U,58096,999,481,-.2463E-1,-.1646541E-1,0
STARLINK-30594,2023-161A,2023-11-09T14:00:01.000224,15.59696515,.0000902,53.0547,148.6428,79.3832,182.5612,0,U,58097,999,417,-.22794E-1,-.1666212E-1,0
STARLINK-30614,2023-161B,2023-11-09T14:00:01.000224,15.59694449,.0000864,53.0549,148.6415,92.8860,169.6605,0,U,58098,999,417,-.22772E-1,-.1664629E-1,0
STARLINK-30607,2023-161C,2023-11-09T14:00:01.000224,15.77100730,.0000883,53.0523,147.9778,82.8821,144.3236,0,U,58099,999,392,-.29688E-2,-.468457E-2,0
STARLINK-30600,2023-161D,2023-11-09T14:00:01.000224,15.59692918,.0000932,53.0547,148.6403,78.2690,184.8784,0,U,58100,999,417,-.22797E-1,-.1666216E-1,0
STARLINK-30605,2023-161E,2023-11-09T14:00:01.000224,15.59688520,.0000848,53.0547,148.6379,86.0978,178.2529,0,U,58101,999,418,-.22781E-1,-.1664871E-1,0
STARLINK-30592,2023-161F,2023-11-09T14:00:01.000224,15.59686448,.0000959,53.0549,148.6365,82.8108,182.1418,0,U,58102,999,417,-.22779E-1,-.1664674E-1,0
STARLINK-30589,2023-161G,2023-11-09T14:00:01.000224,15.59685457,.0000881,53.0547,148.6356,81.9035,183.6499,0,U,58103,999,417,-.22796E-1,-.1665696E-1,0
STARLINK-30617,2023-161H,2023-11-09T14:00:01.000224,15.59683662,.0001205,53.0548,148.6341,105.1129,161.0417,0,U,58104,999,417,-.2278E-1,-.1664701E-1,0
STARLINK-30616,2023-161J,2023-11-09T14:00:01.000224,15.59681112,.0000848,53.0549,148.6330,86.9434,179.8133,0,U,58105,999,417,-.22781E-1,-.1664445E-1,0
STARLINK-30612,2023-161K,2023-11-09T14:00:01.000224,15.59679470,.000104,53.0549,148.6318,100.7927,166.5651,0,U,58106,999,402,-.22785E-1,-.1664706E-1,0
STARLINK-30421,2023-161L,2023-11-09T14:00:01.000224,15.59678507,.0001077,53.0550,148.6303,109.4254,158.5337,0,U,58107,999,417,-.22787E-1,-.16648E-1,0
STARLINK-30611,2023-161M,2023-11-09T14:00:01.000224,15.59676298,.0000943,53.0549,148.6292,86.7115,181.8504,0,U,58108,999,417,-.22794E-1,-.1665067E-1,0
STARLINK-30606,2023-161N,2023-11-09T14:00:01.000224,15.59675191,.000088,53.0549,148.6281,80.6246,188.5380,0,U,58109,999,417,-.22809E-1,-.1665958E-1,0
STARLINK-30596,2023-161P,2023-11-09T14:00:01.000224,15.59673273,.0000934,53.0549,148.6266,77.4784,192.2852,0,U,58110,999,417,-.22816E-1,-.1666333E-1,0
STARLINK-30595,2023-161Q,2023-11-09T14:00:01.000224,15.59670767,.0000925,53.0550,148.6255,82.6564,187.7098,0,U,58111,999,417,-.22797E-1,-.1664937E-1,0
STARLINK-30593,2023-161R,2023-11-09T14:00:01.000224,15.59668794,.0001166,53.0549,148.6243,104.0730,166.8936,0,U,58112,999,428,-.22784E-1,-.1664088E-1,0
STARLINK-30353,2023-161S,2023-11-09T14:00:01.000224,15.59667427,.0000864,53.0549,148.6227,89.0943,182.4745,0,U,58113,999,417,-.22799E-1,-.1664847E-1,0
STARLINK-30572,2023-161T,2023-11-09T14:00:01.000224,15.59666027,.0000827,53.0549,148.6216,81.8858,190.2842,0,U,58114,999,417,-.22812E-1,-.1665602E-1,0
STARLINK-30580,2023-161U,2023-11-09T14:00:01.000224,15.59663858,.0000926,53.0549,148.6205,83.0941,189.6778,0,U,58115,999,417,-.22808E-1,-.1665262E-1,0
STARLINK-30493,2023-161V,2023-11-09T14:00:01.000224,15.59661687,.0000851,53.0549,148.6193,87.8141,185.5591,0,U,58116,999,417,-.228E-1,-.1664576E-1,0
STARLINK-30601,2023-161W,2023-11-09T14:00:01.000224,15.59660295,.0000911,53.0549,148.6178,87.1269,186.8477,0,U,58117,999,417,-.22811E-1,-.1665246E-1,0
STARLINK-30795,2023-162A,2023-11-09T14:00:01.000224,15.71924358,.0001261,42.9993,88.0459,283.8170,353.0533,0,U,58118,999,408,-.13043E-1,-.1562618E-1,0
STARLINK-30765,2023-162B,2023-11-09T14:00:01.000224,15.72089650,.0001407,42.9995,88.0442,283.7236,353.7251,0,U,58119,999,418,-.13949E-1,-.1669219E-1,0
STARLINK-30768,2023-162C,2023-11-09T14:00:01.000224,15.71968725,.0001803,42.9993,88.0419,287.5276,350.7467,0,U,58120,999,408,-.127E-1,-.1528764E-1,0
STARLINK-30799,2023-162D,2023-11-09T14:00:01.000224,15.72074089,.0001356,42.9997,88.0396,282.9292,356.0478,0,U,58121,999,413,-.13963E-1,-.1669678E-1,0
STARLINK-30759,2023-162E,2023-11-09T14:00:01.000224,15.72067051,.0001591,42.9993,88.0379,286.4856,353.2553,0,U,58122,999,418,-.13985E-1,-.1671718E-1,0
STARLINK-30781,2023-162F,2023-11-09T14:00:01.000224,15.72052713,.0001831,42.9992,88.0361,275.6142,4.8931,0,U,58123,999,418,-.13904E-1,-.1662419E-1,0
STARLINK-30754,2023-162G,2023-11-09T14:00:01.000224,15.72049670,.0001626,43.0006,88.0344,282.0003,359.2691,0,U,58124,999,408,-.1398E-1,-.167011E-1,0
STARLINK-30766,2023-162H,2023-11-09T14:00:01.000224,15.72041054,.0001661,42.9992,88.0318,277.8027,4.2310,0,U,58125,999,417,-.13979E-1,-.1669485E-1,0
STARLINK-30767,2023-162J,2023-11-09T14:00:01.000224,15.72026354,.0001266,42.9992,88.0297,259.9552,22.8451,0,U,58126,999,418,-.13894E-1,-.1659312E-1,0
STARLINK-30790,2023-162K,2023-11-09T14:00:01.000224,15.72024284,.000166,42.9992,88.0279,277.5147,6.0470,0,U,58127,999,418,-.13986E-1,-.1669161E-1,0
STARLINK-30787,2023-162L,2023-11-09T14:00:01.000224,15.72012215,.0001486,42.9991,88.0263,255.3198,29.0069,0,U,58128,999,418,-.13918E-1,-.1661103E-1,0
STARLINK-30756,2023-162M,2023-11-09T14:00:01.000224,15.72005676,.0001636,42.9993,88.0238,277.9044,7.1860,0,U,58129,999,418,-.13972E-1,-.1666489E-1,0
STARLINK-30783,2023-162N,2023-11-09T14:00:01.000224,15.71998681,.0001593,42.9990,88.0224,280.3241,5.5283,0,U,58130,999,418,-.13979E-1,-.1666755E-1,0
STARLINK-30757,2023-162P,2023-11-09T14:00:01.000224,15.71991446,.0000924,42.9992,88.0200,293.7743,352.8423,0,U,58131,999,413,-.13998E-1,-.1667855E-1,0
STARLINK-30770,2023-162Q,2023-11-09T14:00:01.000224,15.71974124,.0001716,42.9992,88.0161,279.0550,9.0887,0,U,58132,999,418,-.14003E-1,-.1667816E-1,0
STARLINK-30758,2023-162R,2023-11-09T14:00:01.000224,15.71932311,.000086,42.9991,88.0182,261.6380,25.7660,0,U,58133,999,418,-.13387E-1,-.1599522E-1,0
STARLINK-30761,2023-162S,2023-11-09T14:00:01.000224,15.71873489,.0001699,42.9992,88.0140,274.1893,14.7664,0,U,58134,999,418,-.12956E-1,-.1550554E-1,0
STARLINK-30772,2023-162T,2023-11-09T14:00:01.000224,15.71795233,.000225,42.9993,88.0119,265.4019,24.3693,0,U,58135,999,408,-.12348E-1,-.1454813E-1,0
STARLINK-30776,2023-162U,2023-11-09T14:00:01.000224,15.71953027,.0001331,42.9991,88.0101,286.4850,3.9461,0,U,58136,999,417,-.1406E-1,-.1672209E-1,0
STARLINK-30782,2023-162V,2023-11-09T14:00:01.000224,15.71940351,.00019,42.9993,88.0088,276.0012,15.1952,0,U,58137,999,418,-.13998E-1,-.1665285E-1,0
STARLINK-30769,2023-162W,2023-11-09T14:00:01.000224,15.71863340,.0001487,42.9994,88.0042,279.7689,12.9846,0,U,58138,999,418,-.13316E-1,-.1588165E-1,0
STARLINK-30775,2023-162X,2023-11-09T14:00:01.000224,15.71932499,.0001683,42.9991,88.0062,284.5530,7.4059,0,U,58139,999,418,-.14012E-1,-.1666107E-1,0
STARLINK-30780,2023-162Y,2023-11-09T14:00:01.000224,15.71819215,.0001161,42.9991,88.0027,272.4684,21.0696,0,U,58140,999,418,-.12943E-1,-.1545634E-1,0
YAOGAN-39 04A,2023-163A,2023-11-09T03:22:25.522752,15.22427156,.0005534,34.9940,205.7700,32.7376,327.3680,0,U,58141,999,249,.36964E-3,.8731E-4,0
CZ-2D R/B,2023-163B,2023-11-09T03:10:19.366176,15.24245011,.0005917,34.9936,205.7014,41.5648,318.5516,0,U,58142,999,248,.12767E-2,.32034E-3,0
YAOGAN-39 04B,2023-163C,2023-11-07T20:01:10.074432,15.22490341,.0012678,34.9988,213.9023,40.2617,20.0447,0,U,58143,999,228,.99836E-3,.23779E-3,0
CZ-2D DEB,2023-163D,2023-11-09T01:29:47.229216,15.24885980,.0005622,34.9934,206.0780,48.9889,311.1312,0,U,58144,999,247,.18803E-2,.48217E-3,0
YAOGAN-39 04C,2023-163E,2023-11-09T01:35:41.267904,15.21846488,.0009573,34.9943,206.1086,33.4528,326.6790,0,U,58145,999,248,.21326E-2,.50009E-3,0
SHENZHOU-17 (SZ-17),2023-164A,2023-11-08T14:50:50.261856,15.61346932,.000333,41.4726,356.5787,83.3340,276.7878,0,U,58146,999,14441,.52969E-3,.46338E-3,0
COSMOS 2570,2023-165A,2023-11-09T13:40:26.850144,13.96672731,.0006891,67.1484,79.8888,265.6824,94.3473,0,U,58148,999,188,.19936E-3,.201E-5,0
SL-4 R/B,2023-165B,2023-11-09T11:13:23.154240,15.07470904,.044711,67.1408,74.6916,79.6040,285.5161,0,U,58149,999,199,.80413E-3,.165079E-2,.96361E-5
STARLINK-30802,2023-166A,2023-11-09T14:00:01.000224,15.80139429,.0000816,53.0570,205.5396,81.4087,133.2042,0,U,58150,999,301,-.45436E-2,-.792176E-2,0
STARLINK-30834,2023-166B,2023-11-09T14:00:01.000224,15.80140803,.0000806,53.0568,205.5380,85.2452,130.0656,0,U,58151,999,301,-.45537E-2,-.79383E-2,0
STARLINK-30833,2023-166C,2023-11-09T14:00:01.000224,15.80132936,.0000736,53.0571,205.5345,87.3386,129.6874,0,U,58152,999,301,-.45918E-2,-.799614E-2,0
STARLINK-30831,2023-166D,2023-11-09T14:00:01.000224,15.80112707,.0000752,53.0570,205.5317,88.0048,130.2706,0,U,58153,999,301,-.46294E-2,-.80491E-2,0
STARLINK-30797,2023-166E,2023-11-09T14:00:01.000224,15.80149813,.0000743,53.0567,205.5366,87.5995,128.2359,0,U,58154,999,279,-.4558E-2,-.794801E-2,0
STARLINK-30804,2023-166F,2023-11-09T14:00:01.000224,15.80122633,.0000673,53.0567,205.5305,104.8087,113.9970,0,U,58155,999,301,-.46438E-2,-.807513E-2,0
STARLINK-30784,2023-166G,2023-11-09T14:00:01.000224,15.80109207,.0000753,53.0566,205.5266,87.0594,133.5231,0,U,58156,999,285,-.46708E-2,-.811358E-2,0
STARLINK-30803,2023-166H,2023-11-09T14:00:01.000224,15.80114331,.0000828,53.0565,205.5283,80.2758,139.4736,0,U,58157,999,279,-.46577E-2,-.809476E-2,0
STARLINK-30829,2023-166J,2023-11-09T14:00:01.000224,15.80084069,.0000731,53.0565,205.5237,91.9228,130.0215,0,U,58158,999,301,-.47176E-2,-.817898E-2,0
STARLINK-30788,2023-166K,2023-11-09T14:00:01.000224,15.80086604,.000071,53.0565,205.5224,92.6427,129.9858,0,U,58159,999,285,-.47293E-2,-.819828E-2,0
STARLINK-30779,2023-166L,2023-11-09T14:00:01.000224,15.80088947,.0000681,53.0564,205.5207,92.5161,130.8233,0,U,58160,999,301,-.47491E-2,-.823029E-2,0
STARLINK-30773,2023-166M,2023-11-09T14:00:01.000224,15.80068001,.0000961,53.0563,205.5182,84.8998,139.6469,0,U,58161,999,301,-.47735E-2,-.82623E-2,0
STARLINK-30816,2023-166N,2023-11-09T14:00:01.000224,15.80036943,.000074,53.0564,205.5152,88.0404,137.9742,0,U,58162,999,301,-.48336E-2,-.834542E-2,0
STARLINK-30763,2023-166P,2023-11-09T14:00:01.000224,15.92480240,.0000672,53.0559,205.1070,91.2339,331.7279,0,U,58163,999,301,-.28183E-2,-.983058E-2,.29809E-3
STARLINK-30815,2023-166Q,2023-11-09T14:00:01.000224,15.80026745,.0000718,53.0563,205.5130,85.5318,141.4527,0,U,58164,999,301,-.48577E-2,-.837962E-2,0
STARLINK-30814,2023-166R,2023-11-09T14:00:01.000224,15.80095750,.0001098,53.0565,205.5030,118.9240,112.8631,0,U,58165,999,301,-.49499E-2,-.854983E-2,0
STARLINK-30789,2023-166S,2023-11-09T14:00:01.000224,15.80017304,.000088,53.0562,205.5094,84.9408,143.7039,0,U,58166,999,301,-.48918E-2,-.843021E-2,0
STARLINK-30811,2023-166T,2023-11-09T14:00:01.000224,15.79979977,.0000742,53.0561,205.5046,90.4202,140.5058,0,U,58167,999,285,-.49648E-2,-.853065E-2,0
STARLINK-30812,2023-166U,2023-11-09T14:00:01.000224,15.80004477,.0000729,53.0562,205.5073,88.0471,141.6317,0,U,58168,999,285,-.49278E-2,-.848156E-2,0
STARLINK-30771,2023-166V,2023-11-09T14:00:01.000224,15.79953283,.0000833,53.0562,205.5006,85.6151,147.3446,0,U,58169,999,301,-.50291E-2,-.862146E-2,0
STARLINK-30764,2023-166W,2023-11-09T14:00:01.000224,15.79948661,.0000696,53.0562,205.4988,91.7132,142.0828,0,U,58170,999,301,-.50558E-2,-.866086E-2,0
STARLINK-30752,2023-166X,2023-11-09T14:00:01.000224,15.79938922,.0000603,53.0563,205.4970,108.6767,126.0161,0,U,58171,999,301,-.50678E-2,-.867568E-2,0
2023-165C,2023-165C,2023-11-09T13:34:52.558176,13.97202714,.0015231,67.1461,79.8801,328.5116,31.5056,0,U,58172,999,155,.1162E-3,.88E-6,0
PARUS,1998-067VZ,2023-11-09T09:42:46.248480,15.83276250,.0013429,51.6272,327.8988,86.8755,273.3784,0,U,58173,999,229,.11084E-1,.2841004E-1,0
STARLINK-30753,2023-167A,2023-11-09T14:00:01.000224,15.83461362,.0001723,43.0051,106.7902,253.4564,269.7351,0,U,58175,999,269,-.40707E-2,-.834952E-2,0
STARLINK-30824,2023-167B,2023-11-09T14:00:01.000224,15.83459930,.0001723,43.0049,106.7871,256.0135,268.3459,0,U,58176,999,269,-.40909E-2,-.838673E-2,0
STARLINK-30791,2023-167C,2023-11-09T14:00:01.000224,15.83463988,.0001526,43.0048,106.7844,262.1933,263.2997,0,U,58177,999,269,-.41283E-2,-.845731E-2,0
STARLINK-30810,2023-167D,2023-11-09T14:00:01.000224,15.83462172,.0001597,43.0048,106.7805,277.1782,249.8186,0,U,58178,999,269,-.41834E-2,-.855947E-2,0
STARLINK-30819,2023-167E,2023-11-09T14:00:01.000224,15.83471571,.000166,43.0053,106.7793,275.7134,251.8826,0,U,58179,999,273,-.41913E-2,-.857789E-2,0
STARLINK-30806,2023-167F,2023-11-09T14:00:01.000224,15.83485481,.0001679,43.0047,106.7751,281.7505,247.3458,0,U,58180,999,269,-.42191E-2,-.863485E-2,0
STARLINK-30821,2023-167G,2023-11-09T14:00:01.000224,15.83477752,.0001266,43.0048,106.7777,281.3589,246.7264,0,U,58181,999,269,-.41654E-2,-.853063E-2,0
STARLINK-30778,2023-167H,2023-11-09T14:00:01.000224,15.83628752,.0000939,43.0048,106.7720,295.3678,234.9240,0,U,58182,999,269,-.41598E-2,-.85754E-2,0
STARLINK-30809,2023-167J,2023-11-09T14:00:01.000224,15.83498902,.0001305,43.0048,106.7714,262.4040,268.0853,0,U,58183,999,269,-.42155E-2,-.863188E-2,0
STARLINK-30801,2023-167K,2023-11-09T14:00:01.000224,15.83493110,.0001465,43.0046,106.7670,276.5990,255.6099,0,U,58184,999,269,-.42677E-2,-.872719E-2,0
STARLINK-30793,2023-167L,2023-11-09T14:00:01.000224,15.83494040,.0002879,43.0050,106.7656,249.6104,283.2178,0,U,58185,999,269,-.42058E-2,-.861817E-2,0
STARLINK-30755,2023-167M,2023-11-09T14:00:01.000224,15.83504787,.0001359,43.0046,106.7634,280.0915,253.5783,0,U,58186,999,269,-.42696E-2,-.873476E-2,0
STARLINK-30760,2023-167N,2023-11-09T14:00:01.000224,15.83512253,.0001321,43.0044,106.7617,277.9360,256.3527,0,U,58187,999,274,-.42722E-2,-.874229E-2,0
STARLINK-30826,2023-167P,2023-11-09T14:00:01.000224,15.83424364,.0001735,43.0048,106.7552,286.9336,249.9636,0,U,58188,999,269,-.38038E-2,-.78351E-2,0
STARLINK-30796,2023-167Q,2023-11-09T14:00:01.000224,15.83509941,.0001537,43.0043,106.7576,284.2433,251.5373,0,U,58189,999,269,-.43208E-2,-.883228E-2,0
STARLINK-30820,2023-167R,2023-11-09T14:00:01.000224,15.83471730,.0001645,43.0043,106.7522,263.8098,274.1534,0,U,58190,999,274,-.40646E-2,-.834163E-2,0
STARLINK-30785,2023-167S,2023-11-09T14:00:01.000224,15.83519861,.0001718,43.0042,106.7465,262.5078,277.7173,0,U,58191,999,269,-.44384E-2,-.905407E-2,0
STARLINK-30807,2023-167T,2023-11-09T14:00:01.000224,15.83519218,.0001599,43.0046,106.7502,264.2834,274.5714,0,U,58192,999,274,-.43809E-2,-.894725E-2,0
STARLINK-30822,2023-167U,2023-11-09T14:00:01.000224,15.83515650,.0001703,43.0043,106.7434,264.4879,277.1064,0,U,58193,999,274,-.44653E-2,-.910189E-2,0
STARLINK-30830,2023-167V,2023-11-09T14:00:01.000224,15.83515567,.0001172,43.0047,106.7411,278.1627,264.2219,0,U,58194,999,274,-.44468E-2,-.906576E-2,0
STARLINK-30827,2023-167W,2023-11-09T14:00:01.000224,15.83526725,.0001594,43.0044,106.7395,270.7114,272.3338,0,U,58195,999,274,-.44796E-2,-.913214E-2,0
STARLINK-30798,2023-167X,2023-11-09T14:00:01.000224,15.83525057,.0001695,43.0044,106.7364,268.5465,275.7685,0,U,58196,999,269,-.45159E-2,-.919862E-2,0
STARLINK-30762,2023-167Y,2023-11-09T14:00:01.000224,15.83528469,.000118,43.0043,106.7348,277.3746,267.5803,0,U,58197,999,269,-.44918E-2,-.915367E-2,0
SZ-16 MODULE,2023-077G,2023-11-09T12:11:09.591360,15.62398650,.0007431,41.4843,351.0729,125.3721,234.7813,0,U,58198,999,145,.44705E-3,.40707E-3,0
TIANHUI 5A,2023-168A,2023-11-09T16:15:22.685760,14.86871692,.0000308,97.8283,318.7003,228.4920,131.6269,0,U,58199,999,129,.12285E-3,.1043E-4,0
CZ-6A R/B,2023-168B,2023-11-09T13:51:39.449088,15.04342434,.0077641,97.8102,318.8112,2.5388,357.6215,0,U,58200,999,130,.47111E-3,.6956E-4,0
TIANHUI 5B,2023-168C,2023-11-09T06:34:00.868224,14.86890004,.000023,97.8277,318.3026,277.0542,83.0647,0,U,58201,999,123,.13696E-3,.1169E-4,0
CZ-6A DEB,2023-168D,2023-11-09T13:04:30.875520,14.86811697,.0003049,97.8265,318.5640,152.5389,207.5988,0,U,58202,999,127,.13033E-2,.11579E-3,0
TJS-10,2023-169A,2023-11-09T16:41:19.370976,1.00437111,.0041143,0.0978,75.4086,42.2493,353.8281,0,U,58204,999,14,0,.45E-6,0
CZ-7A R/B,2023-169B,2023-11-09T05:13:10.149312,2.43421830,.7218817,16.9337,284.8153,182.6936,168.5799,0,U,58205,999,13,.30795E-3,.304799E-2,-.1121E-4
2023-172A,2023-172A,2023-11-09T16:38:43.285920,2.28293762,.7293711,28.3977,216.2785,179.4324,167.1655,0,U,58253,999,1,0,-.507E-5,0
2023-172B,2023-172B,2023-11-09T16:57:09.366624,2.38221370,.7231115,28.3963,216.2181,178.7397,185.5310,0,U,58254,999,0,0,-.1616E-4,.16894E-5
